id,subloc,variable,path,selector,agency,unit,datum,timezone,datum_adj,vertical_position
BDL,default,temp,\\cnrastore-bdo\Modeling_Data\des_emp\raw\s49_beldons_bdl_temp_inst_2*.csv,0,dwr-emp,degC,NAVD,PST,0,0
CYG,default,temp,\\cnrastore-bdo\BDO_HOME\SCHISM\fielddata\emp_temp_20190808\cyg.csv,0,dwr-emp,degC,NAVD,PST,0,0
MSL,default,temp,\\cnrastore-bdo\Modeling_Data\des_emp\raw\s71_mzmroar_msl_temp_inst_*.csv,0,dwr-emp,degC,NAVD,PST,0,0
NSL,default,temp,\\cnrastore-bdo\BDO_HOME\SCHISM\fielddata\emp_temp_20190808\nsl.csv,0,dwr-emp,degC,NAVD,PST,0,0
BLL,default,temp,\\cnrastore-bdo\BDO_HOME\SCHISM\fielddata\emp_temp_20190808\bll_riv.csv,0,dwr-emp,degC,NAVD,PST,0,0
HUN,default,temp,\\nasbdo\Modeling_Data\continuous_station_repo\raw\incoming\des\DWR_DES_HUN_Temperature_2018_2020.csv,0,dwr-emp,degC,NAVD,PST,0,0
HUN,default,stage,\\nasbdo\Modeling_Data\continuous_station_repo\raw\incoming\des\DWR_DES_HUN_Stage_1998_2020.csv,0,dwr-emp,degC,NAVD,PST,0,0
IBS,default,temp,\\cnrastore-bdo\BDO_HOME\SCHISM\fielddata\emp_temp_20190808\ibs.csv,0,dwr-emp,degC,NAVD,PST,0,0
VOL,default,temp,\\cnrastore-bdo\BDO_HOME\SCHISM\fielddata\emp_temp_20190808\vol.csv,0,dwr-emp,degC,NAVD,PST,0,0
GOD,default,temp,\\cnrastore-bdo\Modeling_Data\des_emp\raw\s37_godfather_god_temp_inst_*.csv,0,dwr-emp,degC,NAVD,PST,0,0
SNC,default,temp,\\cnrastore-bdo\BDO_HOME\SCHISM\fielddata\emp_temp_20190808\snc.csv,0,dwr-emp,degC,NAVD,PST,0,0
GZL,default,temp,\\cnrastore-bdo\Modeling_Data\des_emp\raw\gzl_grizzly_gzl_temp_inst_*.csv,0,dwr-emp,degC,NAVD,PST,0,0
GZB,default,temp,\\nasbdo\Modeling_Data\continuous_station_repo\raw\incoming\des\DWR_DES_GZB_Temperature_2015_2020.csv,0,dwr-emp,degC,NAVD,PST,0,0
RYC,default,temp,\\cnrastore-bdo\Modeling_Data\des_emp\raw\ryc_ryer_ryc_temp_inst_*.csv,0,dwr-emp,degC,NAVD,PST,0,
HON,default,temp,\\cnrastore-bdo\Modeling_Data\des_emp\raw\hon_honker_hon_temp_inst_*.csv,0,dwr-emp,degC,NAVD,PST,0,0
CSE,default,temp,\\cnrastore-bdo\Modeling_Data\des_emp\raw\c2b_collinsville_cse_temp_inst_*.csv,0,dwr-emp,degC,NAVD,PST,0,0
MRZ,lower,temp,\\cnrastore-bdo\Modeling_Data\des_emp\raw\martinez_martinez_mrz_temp_bot_inst_*.csv.csv,0,dwr-emp,degC,NAVD,PST,0,1
MRZ,upper,temp,\\cnrastore-bdo\Modeling_Data\des_emp\raw\martinez_martinez_mrz_temp_surf_inst_*.csv,0,dwr-emp,degC,NAVD,PST,0,0
MAL,lower,temp,\\cnrastore-bdo\Modeling_Data\des_emp\raw\mallard_mallard_mal_temp_bot_inst_*.csv,0,dwr-emp,degC,NAVD,PST,0,1
MAL,upper,temp,\\cnrastore-bdo\Modeling_Data\des_emp\raw\mallard_mallard_mal_temp_surf_inst_*.csv,0,dwr-emp,degC,NAVD,PST,0,0
BDL,default,salt,\\cnrastore-bdo\BDO_HOME\SCHISM\fielddata\emp_ec_20190808\bdl.csv,0,dwr-emp,ec,NAVD,PST,0,0
CYG,default,salt,\\cnrastore-bdo\BDO_HOME\SCHISM\fielddata\emp_ec_20190808\cyg.csv,0,dwr-emp,ec,NAVD,PST,0,0
MSL,default,salt,\\cnrastore-bdo\BDO_HOME\SCHISM\fielddata\emp_ec_20190808\msl.csv,0,dwr-emp,ec,NAVD,PST,0,0
BLL,default,salt,\\cnrastore-bdo\BDO_HOME\SCHISM\fielddata\emp_ec_20190808\bll_riv.csv,0,dwr-emp,ec,NAVD,PST,0,0
BLL,default,elev,"\\nasbdo\Modeling_Data\continuous_station_repo\raw\incoming\des\DWR_DES_BLL_Stage River_2009_2019.csv",0,dwr_des,ft,NAVD,PST,0,0
HUN,default,salt,\\nasbdo\Modeling_Data\continuous_station_repo\raw\incoming\des\DWR_DES_HUN_Specific Conductance_2018_2020.csv,0,dwr-emp,ec,NAVD,PST,0,0
IBS,default,salt,\\cnrastore-bdo\Modeling_Data\des_emp\raw\s97_ibis_ibs_ec_inst_*.csv,0,dwr-emp,ec,NAVD,PST,0,0
VOL,default,salt,\\cnrastore-bdo\Modeling_Data\des_emp\raw\s42_volanti_vol_ec_inst_*.csv,0,dwr-emp,ec,NAVD,PST,0,0
GOD,default,salt,\\cnrastore-bdo\Modeling_Data\des_emp\raw\s37_godfather_god_ec_inst_*.csv,0,dwr-emp,ec,NAVD,PST,0,0
SNC,default,salt,\\cnrastore-bdo\Modeling_Data\des_emp\raw\s21_sunrise_snc_ec_inst_*.csv,0,dwr-emp,ec,NAVD,PST,0,0
CSE,default,salt,\\cnrastore-bdo\Modeling_Data\des_emp\raw\c2b_collinsville_cse_ec_inst_*.csv,0,dwr-emp,ec,NAVD,PST,0,0
GZL,default,salt,\\cnrastore-bdo\Modeling_Data\des_emp\raw\gzl_grizzly_gzl_ec_inst_2015_2019.csv,0,dwr-emp,ec,NAVD,PST,0,0
GZB,default,salt,\\nasbdo\Modeling_Data\continuous_station_repo\raw\incoming\des\DWR_DES_GZB_SpC_2015_2020.csv,0,dwr-emp,ec,NAVD,PST,0,0
RYC,default,salt,\\cnrastore-bdo\Modeling_Data\des_emp\raw\ryc_ryer_ryc_ec_inst_2015_2019.csv,0,dwr-emp,ec,NAVD,PST,0,
HON,default,salt,\\cnrastore-bdo\Modeling_Data\des_emp\raw\hon_honker_hon_ec_inst_*.csv,0,dwr-emp,ec,NAVD,PST,0,0
MRZ,lower,salt,\\cnrastore-bdo\Modeling_Data\des_emp\raw\martinez_martinez_mrz_ec_bot_inst_*.csv,0,dwr-emp,ec,NAVD,PST,0,1
MRZ,upper,salt,\\cnrastore-bdo\Modeling_Data\des_emp\raw\martinez_martinez_mrz_ec_surf_inst_*.csv,0,dwr-emp,ec,NAVD,PST,0,0
MAL,lower,salt,\\cnrastore-bdo\Modeling_Data\des_emp\raw\mallard_mallard_mal_ec_bot_inst_2012_2020.csv,0,dwr-emp,ec,NAVD,PST,0,1
MAL,upper,salt,\\cnrastore-bdo\Modeling_Data\des_emp\raw\mallard_mallard_mal_ec_inst_2004_2020.csv,0,dwr-emp,ec,NAVD,PST,0,0
MSL,default,elev,\\nasbdo\Modeling_Data\continuous_station_repo\raw\incoming\des\DWR_DES_MSL_Stage_1998_2020.csv,0,dwr-emp,ft,NAVD,PST,0,0
E33670,default,salt,\\cnrastore-bdo\Modeling_Data\des_emp\raw\s64_nationalsteel_nsl_ec_inst_2018_2020.csv,0,dwr-emp,ec,NAVD,PST,0,0
E33670,default,flow,\\nasbdo\Modeling_Data\continuous_station_repo\raw\incoming\dwr_ncro\DWR_NCRO_NSL_E33670_262_Flow_2007_2020.csv,0,wdl,cfs,NAVD,PST,0,0
#E33670,default,temp,\\cnrastore-bdo\Modeling_Data\des_emp\raw\s64_nationalsteel_nsl_temp_inst_2018_2019.csv,0,wdl,degC,NAVD,PST,0,0
E33670,default,vel,\\nasbdo\Modeling_Data\continuous_station_repo\raw\incoming\dwr_ncro\DWR_NCRO_NSL_E33670_621_Mean-Velocity_2007_2020.csv,0,wdl,ft,NAVD,PST,0,0
E33670,default,elev,\\cnrastore-bdo\Modeling_Data\des_emp\raw\s64_nationalsteel_nsl_stage_inst_2010_2020.csv,0,dwr-emp,ft,NAVD,PST,0,0
E33670,default,temp,\\cnrastore-bdo\BDO_HOME\SCHISM\fielddata\emp_temp_20190808\nsl.csv,0,dwr-emp,degC,NAVD,PST,0,0
11162753,default,temp,\\delta-mod\share\Kijin\FieldData\USGS\x.UV.USGS.11162753.3.C.00000000.rdb,0,USGS,degC,NAVD,PST,0,0
11162765,upper,temp,\\delta-mod\share\Kijin\FieldData\USGS\x.UV.USGS.11162765.1.C.00000000.rdb,0,USGS,degC,NAVD,PST,0,0
11162765,lower,temp,\\delta-mod\share\Kijin\FieldData\USGS\x.UV.USGS.11162765.3.C.00000000.rdb,0,USGS,degC,NAVD,PST,0,1
11169025,default,temp,\\delta-mod\share\Kijin\FieldData\USGS\x.UV.USGS.11169025.16.C.00000000.rdb,0,USGS,degC,NAVD,PST,0,0
11172175,default,temp,\\delta-mod\share\Kijin\FieldData\USGS\x.UV.USGS.11172175.15.C.00000000.rdb,0,USGS,degC,NAVD,PST,0,0
11303500,default,temp,\\delta-mod\share\Kijin\FieldData\USGS\x.UV.USGS.11303500.3.C.00000000.rdb,0,USGS,degC,NAVD,PST,0,0
11311300,default,temp,\\delta-mod\share\Kijin\FieldData\USGS\x.UV.USGS.11311300.4.C.00000000.rdb,0,USGS,degC,NAVD,PST,0,0
11312672,default,temp,\\delta-mod\share\Kijin\FieldData\USGS\x.UV.USGS.11312672.4.C.00000000.rdb,0,USGS,degC,NAVD,PST,0,0
11335000,default,temp,\\delta-mod\share\Kijin\FieldData\USGS\x.UV.USGS.11335000.1.C.00000000.rdb,0,USGS,degC,NAVD,PST,0,0
#11447650,default,temp,\\delta-mod\share\Kijin\FieldData\USGS\x.UV.USGS.11447650.1.C.00000000.rdb,0,USGS,degC,NAVD,PST,0,0
11447650,default,temp,\\delta-mod\share\Kijin\FieldData\USGS\x.UV.USGS.11447650.41.C.00000000.rdb,0,USGS,degC,NAVD,PST,0,0
11447890,default,temp,\\delta-mod\share\Kijin\FieldData\USGS\x.UV.USGS.11447890.17.C.00000000.rdb,0,USGS,degC,NAVD,PST,0,0
11454000,default,temp,\\delta-mod\share\Kijin\FieldData\USGS\x.UV.USGS.11454000.1.C.00000000.rdb,0,USGS,degC,NAVD,PST,0,0
##DUP11455140,default,temp,\\delta-mod\share\Kijin\FieldData\USGS\x.UV.USGS.11455140.18.C.00000000.rdb,0,USGS,degC,NAVD,PST,0,0
11455350,upper,temp,\\delta-mod\share\Kijin\FieldData\USGS\x.UV.USGS.11455350.28.C.00000000.rdb,0,USGS,degC,NAVD,PST,0,0
11455350,lower,temp,\\delta-mod\share\Kijin\FieldData\USGS\x.UV.USGS.11455350.7.C.00000000.rdb,0,USGS,degC,NAVD,PST,0,0
11455508,default,temp,"\\nasbdo\Modeling_Data\continuous_station_repo\raw\incoming\usgs\11455508\Temperature,_water.degC@11455508.EntireRecord.csv",0,USGS,degC,NAVD,PST,0,0 
11455508,default,salt,\\nasbdo\Modeling_Data\continuous_station_repo\raw\incoming\usgs\11455508\Specific_cond_at_25C.uS_cm@11455508.EntireRecord.csv,0,USGS,ec,NAVD,PST,0,0 
11455780,upper,temp,\\delta-mod\share\Kijin\FieldData\USGS\x.UV.USGS.11455780.5.C.00000000.rdb,0,USGS,degC,NAVD,PST,0,0
11455780,lower,temp,\\delta-mod\share\Kijin\FieldData\USGS\x.UV.USGS.11455780.6.C.00000000.rdb,0,USGS,degC,NAVD,PST,0,1
11455820,upper,temp,\\delta-mod\share\Kijin\FieldData\USGS\x.UV.USGS.11455820.3.C.00000000.rdb,0,USGS,degC,NAVD,PST,0,0
11455820,lower,temp,\\delta-mod\share\Kijin\FieldData\USGS\x.UV.USGS.11455820.7.C.00000000.rdb,0,USGS,degC,NAVD,PST,0,1
11458000,default,temp,\\delta-mod\share\Kijin\FieldData\USGS\x.UV.USGS.11458000.1.C.00000000.rdb,0,USGS,degC,NAVD,PST,0,0
11460000,default,temp,\\delta-mod\share\Kijin\FieldData\USGS\x.UV.USGS.11460000.1.C.00000000.rdb,0,USGS,degC,NAVD,PST,0,0
375607122264701,upper,temp,\\delta-mod\share\Kijin\FieldData\USGS\x.UV.USGS.375607122264701.2.C.00000000.rdb,0,USGS,degC,NAVD,PST,0,0
375607122264701,lower,temp,\\delta-mod\share\Kijin\FieldData\USGS\x.UV.USGS.375607122264701.6.C.00000000.rdb,0,USGS,degC,NAVD,PST,0,1
#B95400,default,temp,\\delta-mod\share\Kijin\FieldData\WDL\B95400_temperature.csv,0,WDL,degC,NAVD,PST,0,0
#B95660,default,temp,\\delta-mod\share\Kijin\FieldData\WDL\B95660_temperature.csv,0,WDL,degC,NAVD,PST,0,0
#above entries from Kijin,default,,,,,,,,,
scqc1,default,salt,.\noaa_NERR\sfbcc2006_2009_salinity.csv,0,noaa,psu,NAVD,PST,0,0
scqc1,default,temp,.\noaa_NERR\sfbcc2006_2009_temp.csv,0,noaa,degC,NAVD,PST,0,0
tibc1,default,salt,.\noaa_NERR\tibc1o2009_salinity.csv,0,noaa,psu,NAVD,PST,0,0
tibc1,default,temp,.\noaa_NERR\tibc1o2009_temp.csv,0,noaa,degC,NAVD,PST,0,0
11313433,default,temp,"\\nasbdo\Modeling_Data\continuous_station_repo\raw\incoming\usgs\11313433\Temperature,_water.degC.(YSI)@11313433.EntireRecord.csv",0,USGS,degC,NAVD,PST,0,0
11336600,default,temp,\\cnrastore-bdo\BDO_HOME\SCHISM\fielddata\nwis_temp_20150821\11336600.rdb,0,USGS,degC,NAVD,PST,0,0
11337190,default,temp,"\\nasbdo\Modeling_Data\continuous_station_repo\raw\incoming\usgs\11337190\Temperature,_water.degC.(YSI)@11337190.EntireRecord.csv",0,USGS,degC,NAVD,PST,0,0
11447830,default,temp,\\cnrastore-bdo\BDO_HOME\SCHISM\fielddata\nwis_temp_20150821\11447830.rdb,0,USGS,degC,NAVD,PST,0,0
11447850,default,temp,\\cnrastore-bdo\BDO_HOME\SCHISM\fielddata\nwis_temp_20150821\11447850.rdb,0,USGS,degC,NAVD,PST,0,0
11455315,default,temp,\\cnrastore-bdo\BDO_HOME\SCHISM\fielddata\nwis_temp_20150821\11455315.rdb,0,USGS,degC,NAVD,PST,0,0
11455478,default,temp,"\\nasbdo\Modeling_Data\continuous_station_repo\raw\incoming\usgs\11455478\Temperature,_water.degC.(HYDRO_YSI)@11455478.EntireRecord.csv",0,USGS,degC,NAVD,PST,0,0
11304810,default,temp,\\cnrastore-bdo\BDO_HOME\SCHISM\fielddata\cdec_download_temp_8_21_2015\SJG.csv,0,cdec,deg F,NAVD,PST,0,0
11312676,default,temp,\\cnrastore-bdo\BDO_HOME\SCHISM\fielddata\cdec_download_temp_8_21_2015\MDM.csv,0,cdec,deg F,NAVD,PST,0,0
11313315,default,temp,\\cnrastore-bdo\BDO_HOME\SCHISM\fielddata\cdec_download_temp_8_21_2015\OH4.csv,0,cdec,deg F,NAVD,PST,0,0
11313405,default,temp,\\cnrastore-bdo\BDO_HOME\SCHISM\fielddata\cdec_download_temp_8_21_2015\OBI.csv,0,cdec,deg F,NAVD,PST,0,0
11313452,default,temp,\\cnrastore-bdo\BDO_HOME\SCHISM\fielddata\cdec_download_temp_8_21_2015\OSJ.csv,0,cdec,deg F,NAVD,PST,0,0
11313460,default,temp,\\cnrastore-bdo\BDO_HOME\SCHISM\fielddata\cdec_download_temp_8_21_2015\PRI.csv,0,cdec,deg F,NAVD,PST,0,0
11336790,default,temp,\\cnrastore-bdo\BDO_HOME\SCHISM\fielddata\cdec_download_temp_8_21_2015\LPS.csv,0,cdec,deg F,NAVD,PST,0,0
11337080,default,temp,\\cnrastore-bdo\BDO_HOME\SCHISM\fielddata\cdec_download_temp_8_21_2015\TSL.csv,0,cdec,deg F,NAVD,PST,0,0
11455420,default,temp,"\\nasbdo\Modeling_Data\continuous_station_repo\raw\incoming\usgs\11455420\Temperature,_water.degC.(YSI)@11455420.EntireRecord.csv",0,cdec,deg C,NAVD,PST,0,0
11455165,default,temp,\\cnrastore-bdo\BDO_HOME\SCHISM\fielddata\cdec_download_temp_8_21_2015\HWB.csv,0,cdec,deg F,NAVD,PST,0,0
11447903,default,temp,\\cnrastore-bdo\BDO_HOME\SCHISM\fielddata\cdec_download_temp_8_21_2015\GSS.csv,0,cdec,deg F,NAVD,PST,0,0
11447905,default,temp,\\cnrastore-bdo\BDO_HOME\SCHISM\fielddata\cdec_download_temp_8_21_2015\GES.csv,0,cdec,deg F,NAVD,PST,0,0
374811122235001,default,temp,\\cnrastore-bdo\BDO_HOME\SCHISM\fielddata\nwis_temp_20150821\374811122235001.rdb,0,USGS,degC,NAVD,PST,0,0
374938122251801,default,temp,\\cnrastore-bdo\BDO_HOME\SCHISM\fielddata\nwis_temp_20150821\374938122251801.rdb,0,USGS,degC,NAVD,PST,0,0
ANC,default,temp,\\cnrastore-bdo\BDO_HOME\SCHISM\fielddata\cdec_download_temp_8_21_2015\ANC.csv,0,cdec,deg F,NAVD,PST,0,0
#ANH,default,temp,\\cnrastore-bdo\BDO_HOME\SCHISM\fielddata\cdec_download_temp_8_21_2015\ANH.csv,0,cdec,deg F,NAVD,PST,0,0
#BDL,default,temp,\\cnrastore-bdo\BDO_HOME\SCHISM\fielddata\cdec_download_temp_8_21_2015\BDL.csv,0,cdec,deg F,NAVD,PST,0,0
BKS,default,temp,\\cnrastore-bdo\BDO_HOME\SCHISM\fielddata\cdec_download_temp_8_21_2015\BKS_hr_degC.csv,0,cdec,deg C,NAVD,PST,0,0
CLC,default,temp,\\cnrastore-bdo\BDO_HOME\SCHISM\fielddata\cdec_download_temp_8_21_2015\CLC_hr_degC.csv,0,cdec,degC,NAVD,PST,0,0
DMC,default,temp,\\cnrastore-bdo\BDO_HOME\SCHISM\fielddata\cdec_download_temp_8_21_2015\DMC_hr.csv,0,cdec,deg F,NAVD,PST,0,0
EMM,default,temp,\\cnrastore-bdo\BDO_HOME\SCHISM\fielddata\cdec_download_temp_8_21_2015\EMM.csv,0,cdec,deg F,NAVD,PST,0,0
FRP,default,temp,\\cnrastore-bdo\BDO_HOME\SCHISM\fielddata\cdec_download_temp_8_21_2015\FRP_hr.csv,0,cdec,deg F,NAVD,PST,0,0
HBP,default,temp,\\cnrastore-bdo\BDO_HOME\SCHISM\fielddata\cdec_download_temp_8_21_2015\HBP_hr_degC.csv,0,cdec,deg C,NAVD,PST,0,0
HLL,default,temp,\\cnrastore-bdo\BDO_HOME\SCHISM\fielddata\cdec_download_temp_8_21_2015\HLL_hr.csv,0,cdec,deg F,NAVD,PST,0,0
JER,default,temp,\\cnrastore-bdo\BDO_HOME\SCHISM\fielddata\cdec_download_temp_8_21_2015\JER_hr.csv,0,cdec,deg F,NAVD,PST,0,0
MAL,default,temp,\\cnrastore-bdo\BDO_HOME\SCHISM\fielddata\cdec_download_temp_8_21_2015\MAL.csv,0,cdec,deg F,NAVD,PST,0,0
MRZ,default,temp,\\cnrastore-bdo\BDO_HOME\SCHISM\fielddata\cdec_download_temp_8_21_2015\MRZ.csv,0,cdec,deg F,NAVD,PST,0,0
MSD,default,temp,\\cnrastore-bdo\BDO_HOME\SCHISM\fielddata\cdec_download_temp_8_21_2015\MSD.csv,0,cdec,deg F,NAVD,PST,0,0
PCT,default,temp,\\cnrastore-bdo\BDO_HOME\SCHISM\fielddata\cdec_download_temp_8_21_2015\PCT_hr.csv,0,cdec,deg F,NAVD,PST,0,0
PPT,default,temp,\\cnrastore-bdo\BDO_HOME\SCHISM\fielddata\cdec_download_temp_8_21_2015\PPT.csv,0,cdec,deg F,NAVD,PST,0,0
PTS,default,temp,\\cnrastore-bdo\BDO_HOME\SCHISM\fielddata\cdec_download_temp_8_21_2015\PTS_hr.csv,0,cdec,deg F,NAVD,PST,0,0
RIV,default,temp,\\cnrastore-bdo\BDO_HOME\SCHISM\fielddata\cdec_download_temp_8_21_2015\RIV.csv,0,cdec,deg F,NAVD,PST,0,0
# DUP RRI,default,temp,\\cnrastore-bdo\BDO_HOME\SCHISM\fielddata\cdec_download_temp_8_21_2015\RRI.csv,0,cdec,deg F,NAVD,PST,0,0
RVB,default,temp,\\cnrastore-bdo\BDO_HOME\SCHISM\fielddata\cdec_download_temp_8_21_2015\RVB.csv,0,cdec,deg F,NAVD,PST,0,99
SAL,default,temp,\\cnrastore-bdo\BDO_HOME\SCHISM\fielddata\cdec_download_temp_8_21_2015\SAL_hr.csv,0,cdec,deg F,NAVD,PST,0,0
SJR,default,temp,\\cnrastore-bdo\BDO_HOME\SCHISM\fielddata\cdec_download_temp_8_21_2015\SJR.csv,0,cdec,deg F,NAVD,PST,0,0
SRH,default,temp,\\cnrastore-bdo\BDO_HOME\SCHISM\fielddata\cdec_download_temp_8_21_2015\SRH.csv,0,cdec,deg F,NAVD,PST,0,0
STI,default,temp,\\cnrastore-bdo\BDO_HOME\SCHISM\fielddata\cdec_download_temp_8_21_2015\STI_hr.csv,0,cdec,deg F,NAVD,PST,0,0
UNI,default,temp,\\cnrastore-bdo\BDO_HOME\SCHISM\fielddata\cdec_download_temp_8_21_2015\UNI_hr.csv,0,cdec,deg F,NAVD,PST,0,0
VIC,default,temp,\\cnrastore-bdo\BDO_HOME\SCHISM\fielddata\cdec_download_temp_8_21_2015\VIC_hr.csv,0,cdec,deg F,NAVD,PST,0,0
#VOL,default,temp,\\cnrastore-bdo\BDO_HOME\SCHISM\fielddata\cdec_download_temp_8_21_2015\VOL.csv,0,cdec,deg F,NAVD,PST,0,0
WCI,default,temp,\\cnrastore-bdo\BDO_HOME\SCHISM\fielddata\cdec_download_temp_8_21_2015\WCI.csv,0,cdec,deg F,NAVD,PST,0,0
MAL,default,elev,\\cnrastore-bdo\BDO_HOME\SCHISM\fielddata\cdec_download_stage_6_28_2015\MAL.csv,0,cdec,ft,NAVD,PST,0,0
SJR,default,elev,\\cnrastore-bdo\BDO_HOME\SCHISM\fielddata\cdec_download_stage_6_28_2015\SJR.csv,0,cdec,ft,NAVD,PST,0,0
CSE,default,elev,\\cnrastore-bdo\BDO_HOME\SCHISM\fielddata\cdec_download_stage_6_28_2015\CSE.csv,0,cdec,ft,NAVD,PST,0,0
JTR,default,elev,\\cnrastore-bdo\BDO_HOME\SCHISM\fielddata\cdec_download_stage_6_28_2015\JTR.csv,0,cdec,ft,NAVD,PST,0,0
MRZ,default,elev,\\cnrastore-bdo\Modeling_Data\des_emp\raw\martinez_martinez_mrz_stage_inst_*.csv,0,dwr_des,ft,NAVD,PST,0,0
BDL,default,elev,\\cnrastore-bdo\Modeling_Data\des_emp\raw\s49_beldons_bdl_stage_inst_*.csv,0,dwr_des,ft,NAVD,PST,0,0
11455140,default,flow,\\nasbdo\Modeling_Data\usgs_scalar_2007_2011\discharge\Q.UV.USGS.11455140.4.C.20061001.rdb,0,USGS,cfs,NAVD,PST,0,0
11455140,default,elev,\\nasbdo\Modeling_Data\usgs_scalar_2007_2011\gageheight\GH.UV.USGS.11455140.1.C.20061001.rdb,0,USGS,ft,STND,PST,0,0
11455140,default,salt,\\nasbdo\Modeling_Data\usgs_scalar_2007_2011\conductance\SC.UV.USGS.11455140.19.C.20061001.rdb,0,USGS,ec,NAVD,PST,0,0
11455140,default,temp,\\nasbdo\Modeling_Data\usgs_scalar_2007_2011\temperature\T.UV.USGS.11455140.18.C.20061001.rdb,0,USGS,degC,NAVD,PST,0,0
11455147,default,flow,\\delta-mod\share\Kijin\FieldData\USGS\x.UV.USGS.11455147.4.C.00000000.rdb,0,USGS,cfs,NAVD,PST,0,0
11455147,default,salt,\\delta-mod\share\Kijin\FieldData\USGS\x.UV.USGS.11455147.19.C.00000000.rdb,0,USGS,ec,NAVD,PST,0,0
11455147,default,temp,\\delta-mod\share\Kijin\FieldData\USGS\x.UV.USGS.11455147.18.C.00000000.rdb,0,USGS,degC,NAVD,PST,0,9999
11455147,default,elev,\\delta-mod\share\Kijin\FieldData\USGS\x.UV.USGS.11455147.1.C.00000000.rdb,0,USGS,ft,STND,PST,0,0
#11455276,default,flow,\\nasbdo\Modeling_Data\usgs_scalar_2007_2011\discharge\Q.UV.USGS.11455276.4.C.20061001.rdb,0,USGS,cfs,NAVD,PST,0,0
11455276,default,salt,\\nasbdo\Modeling_Data\usgs_scalar_2007_2011\conductance\SC.UV.USGS.11455276.19.C.20061001.rdb,0,USGS,cfs,NAVD,PST,0,0
11455276,default,temp,\\nasbdo\Modeling_Data\usgs_scalar_2007_2011\temperature\T.UV.USGS.11455276.18.C.20061001.rdb,0,USGS,degC,NAVD,PST,0,0
11455276,default,elev,\\nasbdo\Modeling_Data\usgs_scalar_2007_2011\gageheight\GH.UV.USGS.11455276.1.C.20061001.rdb,0,USGS,ft,STND,PST,0,0
11162765,upper,salt,\\cnrastore-bdo\BDO_HOME\SCHISM\fielddata\nwis_EC_20150628\11162765_upper.rdb,0,USGS,ec,NAVD,PST,0,0
11162765,lower,salt,\\cnrastore-bdo\BDO_HOME\SCHISM\fielddata\nwis_EC_20150628\11162765_lower.rdb,0,USGS,ec,NAVD,PST,0,1
11313433,default,salt,\\cnrastore-bdo\BDO_HOME\SCHISM\fielddata\nwis_ec_20201109\11313433.rdb,0,USGS,ec,NAVD,PST,0,0
11336600,default,salt,\\cnrastore-bdo\BDO_HOME\SCHISM\fielddata\nwis_EC_20150628\11336600.rdb,0,USGS,ec,NAVD,PST,0,0
11337190,default,salt,\\nasbdo\Modeling_Data\continuous_station_repo\raw\incoming\usgs\11337190\Specific_cond_at_25C.uS_cm.(YSI)@11337190.EntireRecord.csv,0,USGS,ec,NAVD,PST,0,0
# This is freeport which has two series in it. Awaits selector
#11447650,default,salt,\\cnrastore-bdo\BDO_HOME\SCHISM\fielddata\nwis_EC_20150628\11447650.rdb,0,USGS,ec,NAVD,PST,0,0
11447830,default,salt,\\cnrastore-bdo\BDO_HOME\SCHISM\fielddata\nwis_EC_20150628\11447830.rdb,0,USGS,ec,NAVD,PST,0,0
11447850,default,salt,\\cnrastore-bdo\BDO_HOME\SCHISM\fielddata\nwis_EC_20150628\11447850.rdb,0,USGS,ec,NAVD,PST,0,0
11447890,default,salt,\\cnrastore-bdo\BDO_HOME\SCHISM\fielddata\nwis_EC_20150628\11447890.rdb,0,USGS,ec,NAVD,PST,0,0
11455315,default,salt,\\cnrastore-bdo\BDO_HOME\SCHISM\fielddata\nwis_EC_20150628\11455315.rdb,0,USGS,ec,NAVD,PST,0,0
11455350,default,salt,\\cnrastore-bdo\BDO_HOME\SCHISM\fielddata\nwis_EC_20150628\11455350.rdb,0,USGS,ec,NAVD,PST,0,0
11455478,default,salt,\\nasbdo\Modeling_Data\continuous_station_repo\raw\incoming\usgs\11455478\Specific_cond_at_25C.uS_cm.(HYDRO_YSI)@11455478.EntireRecord.csv,0,USGS,ec,NAVD,PST,0,0
11455780,upper,salt,\\cnrastore-bdo\Modeling_Data\continuous_station_repo\raw\incoming\usgs\11455780\Specific_cond_at_25C.uS_cm.UPPER_-_71_FT_FROM_BED@11455780.EntireRecord.csv,0,USGS,ec,NAVD,PST,0,0
11455780,lower,salt,\\cnrastore-bdo\Modeling_Data\continuous_station_repo\raw\incoming\usgs\11455780\Specific_cond_at_25C.uS_cm.LOWER_-_19_FT_FROM_BED@11455780.EntireRecord.csv,0,USGS,ec,NAVD,PST,0,1
11455820,upper,salt,\\cnrastore-bdo\Modeling_Data\continuous_station_repo\raw\incoming\usgs\11455820\Specific_cond_at_25C.uS_cm.UPPER_-_48_FT_FROM_BED@11455820.EntireRecord.csv,0,USGS,ec,NAVD,PST,0,0
11455820,lower,salt,\\cnrastore-bdo\Modeling_Data\continuous_station_repo\raw\incoming\usgs\11455820\Specific_cond_at_25C.uS_cm.LOWER_-_5_FT_FROM_BED@11455820.EntireRecord.csv,0,USGS,ec,NAVD,PST,0,1
374811122235001,default,salt,\\cnrastore-bdo\Modeling_Data\continuous_station_repo\raw\incoming\usgs\374811122235001\Specific_cond_at_25C.uS_cm@374811122235001.EntireRecord.csv,0,USGS,ec,NAVD,PST,0,0
374938122251801,default,salt,\\cnrastore-bdo\Modeling_Data\continuous_station_repo\raw\incoming\usgs\11455147\374938122251801\Specific_cond_at_25C.uS_cm@374938122251801.EntireRecord.csv,0,USGS,ec,NAVD,PST,0,0
375607122264701,upper,salt,\\cnrastore-bdo\Modeling_Data\continuous_station_repo\raw\incoming\usgs\375607122264701\Specific_cond_at_25C.uS_cm.UPPER_-_30_FT_FROM_BED@375607122264701.EntireRecord.csv,0,USGS,ec,NAVD,PST,0,0
375607122264701,lower,salt,\\cnrastore-bdo\Modeling_Data\continuous_station_repo\raw\incoming\usgs\375607122264701\Specific_cond_at_25C.uS_cm.LOWER_-_5_FT_FROM_BED@375607122264701.EntireRecord.csv,0,USGS,ec,NAVD,PST,0,1
11169025,default,flow,\\cnrastore-bdo\BDO_HOME\SCHISM\fielddata\nwis_flow_20190808\11169025.rdb,0,USGS,cfs,NAVD,PST,0,0
11172175,default,flow,\\cnrastore-bdo\BDO_HOME\SCHISM\fielddata\nwis_flow_20190808\11172175.rdb,0,USGS,cfs,NAVD,PST,0,0
11303500,default,flow,\\cnrastore-bdo\BDO_HOME\SCHISM\fielddata\nwis_flow_20190808\11303500.rdb,0,USGS,cfs,NAVD,PST,0,0
11304810,default,flow,\\cnrastore-bdo\BDO_HOME\SCHISM\fielddata\nwis_flow_20190808\11304810.rdb,0,USGS,cfs,NAVD,PST,0,0
11312672,default,flow,\\cnrastore-bdo\BDO_HOME\SCHISM\fielddata\nwis_flow_20190808\11312672.rdb,0,USGS,cfs,NAVD,PST,0,0
11312676,default,flow,\\cnrastore-bdo\BDO_HOME\SCHISM\fielddata\nwis_flow_20190808\11312676.rdb,0,USGS,cfs,NAVD,PST,0,0
11312685,default,flow,\\cnrastore-bdo\BDO_HOME\SCHISM\fielddata\nwis_flow_20190808\11312685.rdb,0,USGS,cfs,NAVD,PST,0,0
11312968,default,flow,\\cnrastore-bdo\BDO_HOME\SCHISM\fielddata\cdec_download_flow_6_28_2015\ODM.csv,0,cdec,cfs,NAVD,PST,0,0
11313200,default,flow,\\nasbdo\Modeling_Data\usgs_scalar_2007_2011\discharge\Q.UV.USGS.11313200.3.C.20061001.rdb,0,USGS,cfs,NAVD,PST,0,0
11313315,default,flow,\\cnrastore-bdo\BDO_HOME\SCHISM\fielddata\nwis_flow_20190808\11313315.rdb,0,USGS,cfs,NAVD,PST,0,0
11313405,default,flow,\\cnrastore-bdo\BDO_HOME\SCHISM\fielddata\nwis_flow_20190808\11313405.rdb,0,USGS,cfs,NAVD,PST,0,0
11313431,default,flow,\\cnrastore-bdo\BDO_HOME\SCHISM\fielddata\nwis_flow_20190808\11313431.rdb,0,USGS,cfs,NAVD,PST,0,0
11313433,default,flow,\\cnrastore-bdo\BDO_HOME\SCHISM\fielddata\nwis_flow_20190808\11313433.rdb,0,USGS,cfs,NAVD,PST,0,0
11313434,default,flow,\\cnrastore-bdo\BDO_HOME\SCHISM\fielddata\nwis_flow_20190808\11313434.rdb,0,USGS,cfs,NAVD,PST,0,0
11313440,default,flow,\\cnrastore-bdo\BDO_HOME\SCHISM\fielddata\nwis_flow_20190808\11313440.rdb,0,USGS,cfs,NAVD,PST,0,0
11313452,default,flow,\\cnrastore-bdo\BDO_HOME\SCHISM\fielddata\nwis_flow_20190808\11313452.rdb,0,USGS,cfs,NAVD,PST,0,0
11313460,default,flow,\\cnrastore-bdo\BDO_HOME\SCHISM\fielddata\nwis_flow_20190808\11313460.rdb,0,USGS,cfs,NAVD,PST,0,0
11336600,default,flow,\\cnrastore-bdo\BDO_HOME\SCHISM\fielddata\nwis_flow_20190808\11336600.rdb,0,USGS,cfs,NAVD,PST,0,0
11336790,default,flow,\\cnrastore-bdo\BDO_HOME\SCHISM\fielddata\nwis_flow_20190808\11336790.rdb,0,USGS,cfs,NAVD,PST,0,0
11336930,default,flow,\\cnrastore-bdo\BDO_HOME\SCHISM\fielddata\nwis_flow_20190808\11336930.rdb,0,USGS,cfs,NAVD,PST,0,0
11337080,default,flow,\\cnrastore-bdo\BDO_HOME\SCHISM\fielddata\nwis_flow_20190808\11337080.rdb,0,USGS,cfs,NAVD,PST,0,0
11337190,default,flow,\\cnrastore-bdo\Modeling_Data\continuous_station_repo\raw\incoming\usgs\11337190\Discharge.ft^3_s.velq@11337190.EntireRecord.csv,0,USGS,cfs,NAVD,PST,0,0
# Original Freeport
#11447650,default,flow,\\cnrastore-bdo\BDO_HOME\SCHISM\fielddata\nwis_flow_20190808\11447650.rdb,0,USGS,cfs,NAVD,PST,0,0
# Data request
11447650,default,flow,\\cnrastore-bdo\BDO_HOME\SCHISM\fielddata\nwis_flow_20190808\11447650_orlando.rdb,0,USGS,cfs,NAVD,PST,0,0
11447830,default,flow,\\cnrastore-bdo\BDO_HOME\SCHISM\fielddata\nwis_flow_20190808\11447830.rdb,0,USGS,cfs,NAVD,PST,0,0
11447850,default,flow,\\cnrastore-bdo\BDO_HOME\SCHISM\fielddata\nwis_flow_20190808\11447850.rdb,0,USGS,cfs,NAVD,PST,0,0
11447890,default,flow,\\cnrastore-bdo\BDO_HOME\SCHISM\fielddata\nwis_flow_20190808\11447890.rdb,0,USGS,cfs,NAVD,PST,0,0
11447903,default,flow,\\cnrastore-bdo\BDO_HOME\SCHISM\fielddata\nwis_flow_20190808\11447903.rdb,0,USGS,cfs,NAVD,PST,0,0
11447905,default,flow,\\cnrastore-bdo\BDO_HOME\SCHISM\fielddata\nwis_flow_20190808\11447905.rdb,0,USGS,cfs,NAVD,PST,0,0
11455165,default,flow,\\cnrastore-bdo\BDO_HOME\SCHISM\fielddata\nwis_flow_20190808\11455165.rdb,0,USGS,cfs,NAVD,PST,0,0
11455315,default,flow,\\cnrastore-bdo\BDO_HOME\SCHISM\fielddata\nwis_flow_20190808\11455315.rdb,0,USGS,cfs,NAVD,PST,0,0
11455335,default,flow,\\cnrastore-bdo\BDO_HOME\SCHISM\fielddata\nwis_flow_20190808\11455335.rdb,0,USGS,cfs,NAVD,PST,0,0
11455350,default,flow,\\cnrastore-bdo\BDO_HOME\SCHISM\fielddata\nwis_flow_20190808\11455350.rdb,0,USGS,cfs,NAVD,PST,0,0
11455420,default,flow,\\nasbdo\Modeling_Data\continuous_station_repo\raw\incoming\usgs\11455420\Discharge.ft^3_s.velq@11455420.EntireRecord.csv,0,USGS,cfs,NAVD,PST,0,0
11458000,default,flow,\\cnrastore-bdo\BDO_HOME\SCHISM\fielddata\nwis_flow_20190808\11458000.rdb,0,USGS,cfs,NAVD,PST,0,0
11459150,default,flow,\\cnrastore-bdo\BDO_HOME\SCHISM\fielddata\nwis_flow_20190808\11459150.rdb,0,USGS,cfs,NAVD,PST,0,0
11455276,default,flow,\\cnrastore-bdo\BDO_HOME\SCHISM\fielddata\nwis_flow_20201204\11455276.rdb,0,USGS,cfs,NAVD,PST,0,0 # Shag Sl
11455146,default,flow,\\cnrastore-bdo\BDO_HOME\SCHISM\fielddata\nwis_flow_20201204\11455146.rdb,0,USGS,cfs,NAVD,PST,0,0 # Liberty Cut
11455143,default,flow,\\cnrastore-bdo\BDO_HOME\SCHISM\fielddata\nwis_flow_20201204\11455143.rdb,0,USGS,cfs,NAVD,PST,0,0 # Little Holland North Breach
11455278,default,flow,\\cnrastore-bdo\BDO_HOME\SCHISM\fielddata\nwis_flow_20201204\11455278.rdb,0,USGS,cfs,NAVD,PST,0,0 # Hass Slough
381732121393801,default,flow,\\cnrastore-bdo\BDO_HOME\SCHISM\fielddata\nwis_flow_20201204\381732121393801.rdb,0,USGS,cfs,NAVD,PST,0,0 # Toe @ Five Points
381732121393601,default,flow,\\cnrastore-bdo\BDO_HOME\SCHISM\fielddata\nwis_flow_20201204\381424121405601.rdb,0,USGS,cfs,NAVD,PST,0,0 # Prospect @ Five Points
382010121402301,default,flow,\\cnrastore-bdo\BDO_HOME\SCHISM\fielddata\nwis_flow_20201204\382010121402301.rdb,0,USGS,cfs,NAVD,PST,0,0 # Upper stair step
381502121411201,default,flow,\\cnrastore-bdo\BDO_HOME\SCHISM\fielddata\nwis_flow_20201204\381502121411201.rdb,0,USGS,cfs,NAVD,PST,0,0 # Cache Below Shag Sl
381749121400201,default,flow,\\cnrastore-bdo\BDO_HOME\SCHISM\fielddata\nwis_flow_20201204\381749121400201.rdb,0,USGS,cfs,NAVD,PST,0,0 # Liberty Cut at Five Points
11455167,default,flow,\\cnrastore-bdo\BDO_HOME\SCHISM\fielddata\nwis_flow_20201204\11455167.rdb,0,USGS,cfs,NAVD,PST,0,0 # Prospect Sl @ Toe Drain
11455280,default,flow,\\cnrastore-bdo\BDO_HOME\SCHISM\fielddata\nwis_flow_20201204\11455280.rdb,0,USGS,cfs,NAVD,PST,0,0 # Cache Sl near Hastings
#11455268,default,flow,XXXXX,0,USGS,cfs,NAVD,PST,0,0 # Ulatis Creek
11169025,default,elev,\\cnrastore-bdo\BDO_HOME\SCHISM\fielddata\nwis_stage_20150701\11169025.rdb,0,USGS,ft,STND,PST,0,0
11172175,default,elev,\\nasbdo\Modeling_Data\continuous_station_repo\raw\incoming\usgs\11172175\Gage_height.ft@11172175.EntireRecord.csv,0,USGS,ft,STND,PST,0,0
11303500,default,elev,\\cnrastore-bdo\BDO_HOME\SCHISM\fielddata\nwis_stage_20150701\11303500.rdb,0,USGS,ft,STND,PST,0,0
11304810,default,elev,\\cnrastore-bdo\BDO_HOME\SCHISM\fielddata\nwis_stage_20150701\11304810.rdb,0,USGS,ft,STND,PST,-7.79,0
#11311300,default,elev,\\cnrastore-bdo\BDO_HOME\SCHISM\fielddata\cdec_download_stage_6_28_2015\TRN.csv,0,cdec,ft,NAVD,PST,0,0
11311300,default,elev,\\cnrastore-bdo\BDO_HOME\SCHISM\fielddata\nwis_stage_20150701\11311300.rdb,0,USGS,ft,STND,PST,0,0
11311300,default,flow,\\nasbdo\Modeling_Data\usgs_scalar_2007_2011\discharge\Q.UV.USGS.11311300.1.C.20061001.rdb,0,USGS,cfs,NAVD,PST,0,0
11312672,default,elev,\\cnrastore-bdo\BDO_HOME\SCHISM\fielddata\nwis_stage_20150701\11312672.rdb,0,USGS,ft,STND,PST,0,0
11312676,default,elev,\\cnrastore-bdo\BDO_HOME\SCHISM\fielddata\nwis_stage_20150701\11312676.rdb,0,USGS,ft,STND,PST,0,0
11312685,default,elev,\\cnrastore-bdo\BDO_HOME\SCHISM\fielddata\nwis_stage_20150701\11312685.rdb,0,USGS,ft,STND,PST,0,0
11312968,default,elev,\\cnrastore-bdo\BDO_HOME\SCHISM\fielddata\nwis_stage_20150701\11312968.rdb,0,USGS,ft,STND,PST,0,0
11313200,default,elev,\\nasbdo\Modeling_Data\usgs_scalar_2007_2011\gageheight\GH.UV.USGS.11313200.10.C.20061001.rdb,0,USGS,ft,STND,PST,0,0
11313315,default,elev,\\cnrastore-bdo\BDO_HOME\SCHISM\fielddata\nwis_stage_20150701\11313315.rdb,0,USGS,ft,STND,PST,0,0
11313405,default,elev,\\cnrastore-bdo\BDO_HOME\SCHISM\fielddata\nwis_stage_20150701\11313405.rdb,0,USGS,ft,STND,PST,0,0
11313431,default,elev,\\cnrastore-bdo\BDO_HOME\SCHISM\fielddata\nwis_stage_20150701\11313431.rdb,0,USGS,ft,STND,PST,0,0
11313433,default,elev,\\nasbdo\Modeling_Data\continuous_station_repo\raw\incoming\usgs\11313433\Gage_height.ft@11313433.EntireRecord.csv,0,USGS,ft,STND,PST,0,0
11313434,default,elev,\\cnrastore-bdo\BDO_HOME\SCHISM\fielddata\nwis_stage_20150701\11313434.rdb,0,USGS,ft,STND,PST,0,0
11313440,default,elev,\\cnrastore-bdo\BDO_HOME\SCHISM\fielddata\nwis_stage_20150701\11313440.rdb,0,USGS,ft,STND,PST,0,0
11313452,default,elev,\\cnrastore-bdo\BDO_HOME\SCHISM\fielddata\nwis_stage_20150701\11313452.rdb,0,USGS,ft,STND,PST,0,0
11313460,default,elev,\\cnrastore-bdo\BDO_HOME\SCHISM\fielddata\nwis_stage_20150701\11313460.rdb,0,USGS,ft,STND,PST,0,0
11336600,default,elev,\\cnrastore-bdo\BDO_HOME\SCHISM\fielddata\nwis_stage_20150701\11336600.rdb,0,USGS,ft,STND,PST,0,0
11336790,default,elev,\\cnrastore-bdo\BDO_HOME\SCHISM\fielddata\nwis_stage_20150701\11336790.rdb,0,USGS,ft,STND,PST,0,0
11336930,default,elev,\\cnrastore-bdo\BDO_HOME\SCHISM\fielddata\nwis_stage_20150701\11336930.rdb,0,USGS,ft,STND,PST,0,0
11337080,default,elev,\\cnrastore-bdo\BDO_HOME\SCHISM\fielddata\nwis_stage_20150701\11337080.rdb,0,USGS,ft,STND,PST,0,0
11337190,default,elev,\\nasbdo\Modeling_Data\continuous_station_repo\raw\incoming\usgs\11337190\Gage_height.ft@11337190.EntireRecord.csv,0,USGS,ft,NAVD,PST,0,0
11447650,default,elev,\\cnrastore-bdo\BDO_HOME\SCHISM\fielddata\nwis_stage_20150701\11447650.rdb,0,USGS,ft,STND,PST,-97.52,0
11447830,default,elev,\\cnrastore-bdo\BDO_HOME\SCHISM\fielddata\nwis_stage_20150701\11447830.rdb,0,USGS,ft,STND,PST,0,0
11447850,default,elev,\\cnrastore-bdo\BDO_HOME\SCHISM\fielddata\nwis_stage_20150701\11447850.rdb,0,USGS,ft,STND,PST,0,0
11447890,default,elev,\\cnrastore-bdo\BDO_HOME\SCHISM\fielddata\nwis_stage_20150701\11447890.rdb,0,USGS,ft,STND,PST,0,0
11447903,default,elev,\\cnrastore-bdo\BDO_HOME\SCHISM\fielddata\nwis_stage_20150701\11447903.rdb,0,USGS,ft,STND,PST,0,0
11447905,default,elev,\\cnrastore-bdo\BDO_HOME\SCHISM\fielddata\nwis_stage_20150701\11447905.rdb,0,USGS,ft,STND,PST,0,0
11455165,default,elev,\\cnrastore-bdo\BDO_HOME\SCHISM\fielddata\nwis_stage_20150701\11455165.rdb,0,USGS,ft,STND,PST,0,0
11455315,default,elev,\\cnrastore-bdo\BDO_HOME\SCHISM\fielddata\nwis_stage_20150701\11455315.rdb,0,USGS,ft,STND,PST,0,0
11455335,default,elev,\\cnrastore-bdo\BDO_HOME\SCHISM\fielddata\nwis_stage_20150701\11455335.rdb,0,USGS,ft,STND,PST,0,0
11455350,default,elev,\\cnrastore-bdo\BDO_HOME\SCHISM\fielddata\nwis_stage_20150701\11455350.rdb,0,USGS,ft,STND,PST,0,0
11455420,default,elev,\\nasbdo\Modeling_Data\continuous_station_repo\raw\incoming\usgs\11455420\Gage_height.ft.PUBLISHED@11455420.EntireRecord.csv,0,USGS,ft,STND,PST,0,0
11455478,default,elev,\\nasbdo\Modeling_Data\continuous_station_repo\raw\incoming\usgs\11455478\Gage_height.ft@11455478.EntireRecord.csv,0,USGS,ft,STND,PST,0,0
11458000,default,elev,\\cnrastore-bdo\BDO_HOME\SCHISM\fielddata\nwis_stage_20150701\11458000.rdb,0,USGS,ft,STND,PST,0,0
11459150,default,elev,\\cnrastore-bdo\BDO_HOME\SCHISM\fielddata\nwis_stage_20150701\11459150.rdb,0,USGS,ft,STND,PST,0,0
373025122065901,default,elev,\\nasbdo\Modeling_Data\continuous_station_repo\raw\incoming\usgs\373025122065901\Gage_height.ft@373025122065901.EntireRecord.csv,0,USGS,ft,STND,PST,0,0
CLC,default,elev,\\delta-mod\share\Kijin\FieldData\cdec\CLC_gageheight_6min.csv,0,cdec,ft,STND,PST,0,0
RVB,default,elev,\\cnrastore-bdo\BDO_HOME\SCHISM\fielddata\cdec_download_stage_6_28_2015\RVB.csv,0,cdec,ft,STND,PST,0,0
## DUP VOL,default,elev,\\cnrastore-bdo\BDO_HOME\SCHISM\fielddata\cdec_download_stage_6_28_2015\VOL.csv,0,cdec,ft,STND,PST,0,0
ANC,lower,salt,\\cnrastore-bdo\BDO_HOME\SCHISM\fielddata\cdec_download_EC_2_10_2016\ANC_bottom.csv,0,cdec,ec,STND,PST,0,1
ANC,upper,salt,\\cnrastore-bdo\BDO_HOME\SCHISM\fielddata\cdec_download_EC_2_10_2016\ANC.csv,0,cdec,ec,STND,PST,0,0
ANH,lower,salt,\\cnrastore-bdo\Modeling_Data\des_emp\raw\anh_antioch_anh_ec@bot_inst_*.csv,0,cdec,ec,STND,PST,0,1
ANH,upper,salt,\\cnrastore-bdo\Modeling_Data\des_emp\raw\anh_antioch_anh_ec_inst_*.csv,0,cdec,ec,STND,PST,0,0
#BDL,default,salt,\\cnrastore-bdo\BDO_HOME\SCHISM\fielddata\cdec_download_EC_2_10_2016\BDL.csv,0,cdec,ec,STND,PST,0,0
BET,default,salt,\\cnrastore-bdo\BDO_HOME\SCHISM\fielddata\wdl_data_20201108\b9504500_conductivity.csv,0,wdl,ec,STND,PST,0,0
##DUP 11313433,default,salt,\\cnrastore-bdo\BDO_HOME\SCHISM\fielddata\cdec_download_EC_2_10_2016\DSJ.csv,0,cdec,ec,STND,PST,0,0
BKS,default,salt,\\cnrastore-bdo\BDO_HOME\SCHISM\fielddata\cdec_download_EC_2_10_2016\BKS_H.csv,0,cdec,ec,STND,PST,0,0
CCS,default,salt,\\cnrastore-bdo\BDO_HOME\SCHISM\fielddata\cdec_download_EC_2_10_2016\CCS.csv,0,cdec,ec,STND,PST,0,0
CLC,default,salt,\\cnrastore-bdo\BDO_HOME\SCHISM\fielddata\cdec_download_ec_20200927\clc_ec.csv,0,cdec,ec,STND,PST,0,0
CLL,lower,salt,\\cnrastore-bdo\BDO_HOME\SCHISM\fielddata\cdec_download_EC_2_10_2016\CLL_bottom.csv,0,cdec,ec,STND,PST,0,1
CLL,upper,salt,\\cnrastore-bdo\BDO_HOME\SCHISM\fielddata\cdec_download_EC_2_10_2016\CLL.csv,0,cdec,ec,STND,PST,0,0
CNT,default,salt,\\cnrastore-bdo\BDO_HOME\SCHISM\fielddata\cdec_download_EC_2_10_2016\CNT.csv,0,cdec,ec,STND,PST,0,0
#CSE,default,salt,\\cnrastore-bdo\BDO_HOME\SCHISM\fielddata\cdec_download_EC_2_10_2016\CSE.csv,0,cdec,ec,STND,PST,0,0
DMC,default,salt,\\cnrastore-bdo\BDO_HOME\SCHISM\fielddata\cdec_download_EC_2_10_2016\DMC.csv,0,cdec,ec,STND,PST,0,0
DWS,default,salt,\\cnrastore-bdo\BDO_HOME\SCHISM\fielddata\cdec_download_EC_2_10_2016\DWS.csv,0,cdec,ec,STND,PST,0,0
EMM,lower,salt,\\cnrastore-bdo\BDO_HOME\SCHISM\fielddata\cdec_download_ec_20200927\emm_ec_bot.csv,0,cdec,ec,STND,PST,0,1
EMM,upper,salt,\\cnrastore-bdo\BDO_HOME\SCHISM\fielddata\cdec_download_ec_20200927\emm_ec.csv,0,cdec,ec,STND,PST,0,0
FRP,default,salt,\\cnrastore-bdo\BDO_HOME\SCHISM\fielddata\cdec_download_EC_2_10_2016\FRP.csv,0,cdec,ec,STND,PST,0,0
11447905,default,salt,\\cnrastore-bdo\BDO_HOME\SCHISM\fielddata\cdec_download_EC_2_10_2016\GES.csv,0,cdec,ec,NAVD,PST,0,0
11447903,default,salt,\\cnrastore-bdo\BDO_HOME\SCHISM\fielddata\cdec_download_EC_2_10_2016\GSS.csv,0,cdec,ec,NAVD,PST,0,0
GYS,default,salt,\\cnrastore-bdo\Modeling_Data\des_emp\raw\s35_goodyear_gys_ec_inst_2*.csv,0,cdec,ec,NAVD,PST,0,0
HBP,default,salt,\\cnrastore-bdo\BDO_HOME\SCHISM\fielddata\cdec_download_EC_2_10_2016\HBP.csv,0,cdec,ec,NAVD,PST,0,0
HLL,default,salt,\\cnrastore-bdo\BDO_HOME\SCHISM\fielddata\cdec_download_EC_2_10_2016\HLL.csv,0,cdec,ec,NAVD,PST,0,0
11455165,default,salt,\\cnrastore-bdo\BDO_HOME\SCHISM\fielddata\cdec_download_EC_2_10_2016\HWB.csv,0,cdec,ec,NAVD,PST,0,0
#GOD,default,salt,\\cnrastore-bdo\BDO_HOME\SCHISM\fielddata\cdec_download_ec_6_28_2019\god.csv,0,cdec,ec,NAVD,PST,0,0
#HUN,default,salt,\\cnrastore-bdo\BDO_HOME\SCHISM\fielddata\cdec_download_ec_6_28_2019\hun.csv,0,cdec,ec,NAVD,PST,0,0
#IBS,default,salt,\\cnrastore-bdo\BDO_HOME\SCHISM\fielddata\cdec_download_EC_2_10_2016\IBS.csv,0,cdec,ec,NAVD,PST,0,0
JER,default,salt,\\cnrastore-bdo\BDO_HOME\SCHISM\fielddata\cdec_download_ec_20200927\jer_ec.csv,0,cdec,ec,NAVD,PST,0,0
11336790,default,salt,\\cnrastore-bdo\BDO_HOME\SCHISM\fielddata\cdec_download_EC_2_10_2016\LPS.csv,0,cdec,ec,NAVD,PST,0,0
11312676,default,salt,\\cnrastore-bdo\BDO_HOME\SCHISM\fielddata\cdec_download_EC_2_10_2016\MDM.csv,0,cdec,ec,NAVD,PST,0,0
MRU,default,salt,\\cnrastore-bdo\BDO_HOME\SCHISM\fielddata\cdec_download_EC_2_10_2016\MRU.csv,0,cdec,ec,NAVD,PST,0,0
MSD,default,salt,\\cnrastore-bdo\BDO_HOME\SCHISM\fielddata\cdec_download_EC_2_10_2016\MSD.csv,0,cdec,ec,NAVD,PST,0,0
11313405,default,salt,\\cnrastore-bdo\BDO_HOME\SCHISM\fielddata\cdec_download_EC_2_10_2016\OBI.csv,0,cdec,ec,NAVD,PST,0,0
11313315,default,salt,\\cnrastore-bdo\BDO_HOME\SCHISM\fielddata\cdec_download_EC_2_10_2016\OH4.csv,0,cdec,ec,NAVD,PST,0,0
11313452,default,salt,\\cnrastore-bdo\BDO_HOME\SCHISM\fielddata\cdec_download_EC_2_10_2016\OSJ.csv,0,cdec,ec,NAVD,PST,0,0
PCT,lower,salt,\\cnrastore-bdo\BDO_HOME\SCHISM\fielddata\cdec_download_ec_20200927\pct_ec_bot.csv,0,cdec,ec,NAVD,PST,0,1
PCT,upper,salt,\\cnrastore-bdo\BDO_HOME\SCHISM\fielddata\cdec_download_ec_20200927\pct_ec.csv,0,cdec,ec,NAVD,PST,0,0
PPT,default,salt,\\cnrastore-bdo\BDO_HOME\SCHISM\fielddata\cdec_download_EC_2_10_2016\PPT.csv,0,cdec,ec,NAVD,PST,0,0
11313460,default,salt,\\cnrastore-bdo\BDO_HOME\SCHISM\fielddata\cdec_download_EC_2_10_2016\PRI.csv,0,cdec,ec,NAVD,PST,0,0
PTS,lower,salt,\\cnrastore-bdo\BDO_HOME\SCHISM\fielddata\cdec_download_ec_20200927\pts_ec_bot.csv,0,cdec,ec,NAVD,PST,0,1
PTS,upper,salt,\\cnrastore-bdo\BDO_HOME\SCHISM\fielddata\cdec_download_ec_20200927\pts_ec.csv,0,cdec,ec,NAVD,PST,0,0
RIV,default,salt,\\cnrastore-bdo\BDO_HOME\SCHISM\fielddata\cdec_download_EC_2_10_2016\RIV.csv,0,cdec,ec,NAVD,PST,0,0
RVB,default,salt,\\cnrastore-bdo\BDO_HOME\SCHISM\fielddata\cdec_download_EC_2_10_2016\RVB.csv,0,cdec,ec,NAVD,PST,0,0
SAL,default,salt,\\cnrastore-bdo\BDO_HOME\SCHISM\fielddata\cdec_download_ec_20200927\sal_ec.csv,0,cdec,ec,NAVD,PST,0,0
SJD,default,salt,\\cnrastore-bdo\BDO_HOME\SCHISM\fielddata\cdec_download_EC_2_10_2016\SJD.csv,0,cdec,ec,NAVD,PST,0,0
11304810,default,salt,\\cnrastore-bdo\BDO_HOME\SCHISM\fielddata\cdec_download_EC_2_10_2016\SJG.csv,0,cdec,ec,NAVD,PST,0,0
SJR,default,salt,\\cnrastore-bdo\BDO_HOME\SCHISM\fielddata\cdec_download_EC_2_10_2016\SJR.csv,0,cdec,ec,NAVD,PST,0,0
#SNC,default,salt,\\cnrastore-bdo\BDO_HOME\SCHISM\fielddata\cdec_download_EC_2_10_2016\SNC.csv,0,cdec,ec,NAVD,PST,0,0
SRH,default,salt,\\cnrastore-bdo\BDO_HOME\SCHISM\fielddata\cdec_download_EC_2_10_2016\SRH.csv,0,cdec,ec,NAVD,PST,0,0
11455420,default,salt,\\nasbdo\Modeling_Data\continuous_station_repo\raw\incoming\usgs\11455420\Specific_cond_at_25C.uS_cm.(YSI)@11455420.EntireRecord.csv,0,cdec,ec,NAVD,PST,0,0
STI,default,salt,\\cnrastore-bdo\BDO_HOME\SCHISM\fielddata\cdec_download_EC_2_10_2016\STI.csv,0,cdec,ec,NAVD,PST,0,0
TPI,default,salt,\\cnrastore-bdo\BDO_HOME\SCHISM\fielddata\cdec_download_EC_2_10_2016\TPI.csv,0,cdec,ec,NAVD,PST,0,0
TPS,default,salt,\\cnrastore-bdo\BDO_HOME\SCHISM\fielddata\cdec_download_EC_2_10_2016\TPS.csv,0,cdec,ec,NAVD,PST,0,0
TRP,default,salt,\\cnrastore-bdo\BDO_HOME\SCHISM\fielddata\cdec_download_ec_20200927\trp_ec.csv,0,cdec,ec,NAVD,PST,0,0
11337080,default,salt,\\cnrastore-bdo\BDO_HOME\SCHISM\fielddata\cdec_download_EC_2_10_2016\TSL.csv,0,cdec,ec,NAVD,PST,0,0
UNI,default,salt,\\cnrastore-bdo\BDO_HOME\SCHISM\fielddata\cdec_download_EC_2_10_2016\UNI.csv,0,cdec,ec,NAVD,PST,0,0
VER,default,salt,\\cnrastore-bdo\BDO_HOME\SCHISM\fielddata\cdec_download_EC_2_10_2016\VER.csv,0,cdec,ec,NAVD,PST,0,0
VIC,default,salt,\\cnrastore-bdo\BDO_HOME\SCHISM\fielddata\cdec_download_EC_2_10_2016\VIC.csv,0,cdec,ec,NAVD,PST,0,0
#VOL,default,salt,\\cnrastore-bdo\BDO_HOME\SCHISM\fielddata\cdec_download_EC_2_10_2016\VOL.csv,0,cdec,ec,NAVD,PST,0,0
#FRE,default,flow,\\delta-mod\share\Kijin\FieldData\cdec\flow\FRE_flow_E.csv,0,cdec,cfs,NAVD,PST,0,0
#JTR,default,flow,\\delta-mod\share\Kijin\FieldData\cdec\flow\JTR_flow_E.csv,0,cdec,cfs,NAVD,PST,0,0
#MAL,default,flow,\\delta-mod\share\Kijin\FieldData\cdec\flow\MAL_flow_E.csv,0,cdec,cfs,NAVD,PST,0,0
#OH1,default,flow,\\delta-mod\share\Kijin\FieldData\cdec\flow\OH1_flow_E.csv,0,cdec,cfs,NAVD,PST,0,0
#RCS,default,flow,\\delta-mod\share\Kijin\FieldData\cdec\flow\RCS_flow_E.csv,0,cdec,cfs,NAVD,PST,0,0
#SJR,default,flow,\\cnrastore-bdo\BDO_HOME\SCHISM\fielddata\cdec_download_flow_6_28_2015\SJR.csv,0,cdec,cfs,NAVD,PST,0,0 use data at 11303500 (VNS)
9414290,default,elev,\\cnrastore-bdo\BDO_HOME\SCHISM\fielddata\noaa_20150629\9414290_gageheight.txt,0,noaa,m,NAVD,PST,0,0
9414509,default,elev,\\cnrastore-bdo\BDO_HOME\SCHISM\fielddata\noaa_20150629\9414509_gageheight.txt,0,noaa,m,NAVD,PST,0,0
9414523,default,elev,\\cnrastore-bdo\BDO_HOME\SCHISM\fielddata\noaa_20150629\9414523_gageheight.txt,0,noaa,m,,PST,0,0
9414575,default,elev,\\cn\\cnrastore-bdo\BDO_HOME\SCHISM\fielddatarastore-bdo\BDO_HOME\SCHISM\fielddata\noaa_20150629\9414575_gageheight.txt,0,noaa,m,NAVD,PST,0,0
9414750,default,elev,\\cnrastore-bdo\BDO_HOME\SCHISM\fielddata\noaa_20150629\9414750_gageheight.txt,0,noaa,m,NAVD,PST,0,0
9414863,default,elev,\\cnrastore-bdo\BDO_HOME\SCHISM\fielddata\noaa_20150629\9414863_gageheight.txt,0,noaa,m,,PST,0,0
9415102,default,elev,\\cnrastore-bdo\BDO_HOME\SCHISM\fielddata\noaa_20150629\9415102_gageheight.txt,0,noaa,m,NAVD,PST,0,0
9415144,default,elev,\\cnrastore-bdo\BDO_HOME\SCHISM\fielddata\noaa_20160209\9415144_gageheight.txt,0,noaa,m,NAVD,PST,0,0
9415218,default,elev,\\cnrastore-bdo\BDO_HOME\SCHISM\fielddata\noaa_20150629\9415218_gageheight.txt,0,noaa,m,NAVD,PST,0,0
A02100,default,elev,\\cnrastore-bdo\BDO_HOME\SCHISM\fielddata\wdl_data_20160205\A02100_gageheight.csv,0,wdl,ft,,PST,2.5426509,0
FRE,default,elev,\\cnrastore-bdo\BDO_HOME\SCHISM\fielddata\wdl_data_20160205\A02170_gageheight.csv,0,wdl,ft,,PST,0,0
A02200,default,elev,\\cnrastore-bdo\BDO_HOME\SCHISM\fielddata\wdl_data_20160205\A02200_gageheight.csv,0,wdl,ft,,PST,0,0
B91120,default,salt,\\cnrastore-bdo\BDO_HOME\SCHISM\fielddata\wdl_data_20201108\b91120_conductivity.csv,0,wdl,ec,NAVD,PST,0,0
B91120,default,temp,\\cnrastore-bdo\BDO_HOME\SCHISM\fielddata\wdl_data_20201108\b91120_water_temperature.csv,0,wdl,degC,NAVD,PST,0,0
B91160,default,salt,\\cnrastore-bdo\BDO_HOME\SCHISM\fielddata\wdl_data_20201108\b91160_conductivity.csv,0,wdl,ec,NAVD,PST,0,0
B91160,default,temp,\\cnrastore-bdo\BDO_HOME\SCHISM\fielddata\wdl_data_20201108\b91160_water_temperature.csv,0,wdl,degC,NAVD,PST,0,0
B91212,default,elev,\\cnrastore-bdo\BDO_HOME\SCHISM\fielddata\wdl_data_20160205\B91212_gageheight.csv,0,wdl,ft,NAVD,PST,0,0
B91479,default,salt,\\cnrastore-bdo\BDO_HOME\SCHISM\fielddata\wdl_data_20160205\B91479_conductance.csv,0,wdl,ec,NAVD,PST,0,0
B91479,default,temp,\\cnrastore-bdo\BDO_HOME\SCHISM\fielddata\wdl_data_20160205\B91479_temperature.csv,0,wdl,degC,NAVD,PST,0,0
B91510,default,elev,\\cnrastore-bdo\BDO_HOME\SCHISM\fielddata\wdl_data_20160205\B91510_gageheight.csv,0,wdl,ft,NAVD,PST,0,0
B91511,default,elev,\\cnrastore-bdo\BDO_HOME\SCHISM\fielddata\wdl_data_20160205\B91511_gageheight.csv,0,wdl,ft,NAVD,PST,0,0
B91560,default,flow,\\cnrastore-bdo\BDO_HOME\SCHISM\fielddata\wdl_data_20160205\B91560Q_discharge.csv,0,wdl,cfs,NAVD,PST,0,0
B91560,default,elev,\\cnrastore-bdo\BDO_HOME\SCHISM\fielddata\wdl_data_20160205\B91560_gageheight.csv,0,wdl,ft,NAVD,PST,0,0
B91560,default,temp,\\cnrastore-bdo\BDO_HOME\SCHISM\fielddata\wdl_data_20160205\B91560Q_temperature.csv,0,wdl,degC,NAVD,PST,0,0
B91560,default,vel,\\cnrastore-bdo\BDO_HOME\SCHISM\fielddata\wdl_data_20160205\B91560Q_velocity.csv,0,wdl,ft,NAVD,PST,0,0
B91560,default,salt,\\cnrastore-bdo\BDO_HOME\SCHISM\fielddata\wdl_data_20160205\B9156000_conductance.csv,0,wdl,ec,NAVD,PST,0,0
B91650,default,salt,\\cnrastore-bdo\BDO_HOME\SCHISM\fielddata\wdl_data_20160205\B91650_conductance.csv,0,wdl,ec,NAVD,PST,0,0
B91650,default,elev,\\cnrastore-bdo\BDO_HOME\SCHISM\fielddata\wdl_data_20160205\B91650_gageheight.csv,0,wdl,ft,NAVD,PST,0,0
B91650,default,temp,\\cnrastore-bdo\BDO_HOME\SCHISM\fielddata\wdl_data_20160205\B91650_temperature.csv,0,wdl,degC,NAVD,PST,0,0
B91750,default,elev,\\cnrastore-bdo\BDO_HOME\SCHISM\fielddata\wdl_data_20160205\B91750_gageheight.csv,0,wdl,ft,NAVD,PST,0,0
B9409500,default,salt,\\cnrastore-bdo\BDO_HOME\SCHISM\fielddata\wdl_data_20160205\B9409500_conductance.csv,0,wdl,ec,NAVD,PST,0,0
B9409500,default,temp,\\cnrastore-bdo\BDO_HOME\SCHISM\fielddata\wdl_data_20160205\B9409500_temperature.csv,0,wdl,degC,NAVD,PST,0,0
B94100,default,elev,\\cnrastore-bdo\BDO_HOME\SCHISM\fielddata\wdl_data_20160205\B94100_gageheight.csv,0,wdl,ft,NAVD,PST,0,0
B94175,default,elev,\\cnrastore-bdo\BDO_HOME\SCHISM\fielddata\wdl_data_20160205\B94175_gageheight.csv,0,wdl,ft,NAVD,PST,0,0
B95020,default,elev,\\nasbdo\Modeling_Data\continuous_station_repo\raw\incoming\des\DWR_DES_ANH_Stage_2008_2020.csv,0,dwr_des,ft,NAVD,PST,0,0
B95020,default,temp,\\nasbdo\Modeling_Data\continuous_station_repo\raw\incoming\des\DWR_DES_ANH_Temperature_2008_2020.csv,0,dwr_des,degC,NAVD,PST,0,0
B95020,default,salt,\\nasbdo\Modeling_Data\continuous_station_repo\raw\incoming\des\DWR_DES_ANH_SpC_2012_2020.csv,0,dwr_des,ec,NAVD,PST,0,0
B9502900,default,salt,\\cnrastore-bdo\BDO_HOME\SCHISM\fielddata\wdl_data_20201108\b9502900_conductivity.csv,0,wdl,ec,NAVD,PST,0,0
B9502900,default,temp,\\cnrastore-bdo\BDO_HOME\SCHISM\fielddata\wdl_data_20201108\b9502900_water_temperature.csv,0,wdl,degC,NAVD,PST,0,0
B9504400,default,salt,\\cnrastore-bdo\BDO_HOME\SCHISM\fielddata\wdl_data_20160205\B9504400_conductance.csv,0,wdl,ec,NAVD,PST,0,0
B9504400,default,temp,\\cnrastore-bdo\BDO_HOME\SCHISM\fielddata\wdl_data_20160205\B9504400_temperature.csv,0,wdl,degC,NAVD,PST,0,0
B95058,default,salt,\\cnrastore-bdo\BDO_HOME\SCHISM\fielddata\wdl_data_20160205\B95058_conductance.csv,0,wdl,ec,NAVD,PST,0,0
B95058,default,temp,\\cnrastore-bdo\BDO_HOME\SCHISM\fielddata\wdl_data_20160205\B95058_temperature.csv,0,wdl,degC,NAVD,PST,0,0
B95060,default,salt,\\cnrastore-bdo\BDO_HOME\SCHISM\fielddata\wdl_data_20160205\B95060_conductance.csv,0,wdl,ec,NAVD,PST,0,0
B95060,default,elev,\\cnrastore-bdo\BDO_HOME\SCHISM\fielddata\wdl_data_20160205\B95060_gageheight.csv,0,wdl,ft,NAVD,PST,0,0
B95060,default,temp,\\cnrastore-bdo\BDO_HOME\SCHISM\fielddata\wdl_data_20160205\B95060_temperature.csv,0,wdl,degC,NAVD,PST,0,0
B9510800,default,salt,\\cnrastore-bdo\BDO_HOME\SCHISM\fielddata\wdl_data_20201108\b9510800_conductivity.csv,0,wdl,ec,NAVD,PST,0,0
B9510800,default,temp,\\cnrastore-bdo\BDO_HOME\SCHISM\fielddata\wdl_data_20201108\b9510800_water_temperature.csv,0,wdl,degC,NAVD,PST,0,0
B9512000,default,salt,\\cnrastore-bdo\BDO_HOME\SCHISM\fielddata\wdl_data_20201108\b9512000_conductivity.csv,0,wdl,ec,NAVD,PST,0,0
B9512000,default,temp,\\cnrastore-bdo\BDO_HOME\SCHISM\fielddata\wdl_data_20201108\b9512000_water_temperature.csv,0,wdl,degC,NAVD,PST,0,0
B9520000,default,salt,\\cnrastore-bdo\BDO_HOME\SCHISM\fielddata\wdl_data_20201108\b9512000_conductivity.csv,0,wdl,ec,NAVD,PST,0,0
B9520000,default,temp,\\cnrastore-bdo\BDO_HOME\SCHISM\fielddata\wdl_data_20160205\B9520000_temperature.csv,0,wdl,degC,NAVD,PST,0,0
B9521600,default,salt,\\cnrastore-bdo\BDO_HOME\SCHISM\fielddata\wdl_data_20160205\B9521600_conductance.csv,0,wdl,ec,NAVD,PST,0,0
B9521600,default,temp,\\cnrastore-bdo\BDO_HOME\SCHISM\fielddata\wdl_data_20160205\B9521600_temperature.csv,0,wdl,degC,NAVD,PST,0,0
B95218,default,salt,\\cnrastore-bdo\BDO_HOME\SCHISM\fielddata\wdl_data_20160205\B95218_conductance.csv,0,wdl,ec,NAVD,PST,0,0
B95218,default,elev,\\cnrastore-bdo\BDO_HOME\SCHISM\fielddata\wdl_data_20160205\B95218_gageheight.csv,0,wdl,ft,NAVD,PST,0,0
B9522500,default,salt,\\cnrastore-bdo\BDO_HOME\SCHISM\fielddata\wdl_data_20160205\B9522500_conductance.csv,0,wdl,ec,NAVD,PST,0,0
B9522500,default,temp,\\cnrastore-bdo\BDO_HOME\SCHISM\fielddata\wdl_data_20160205\B9522500_temperature.csv,0,wdl,degC,NAVD,PST,0,0
B9524900,default,salt,\\cnrastore-bdo\BDO_HOME\SCHISM\fielddata\wdl_data_20201108\b9524900_conductivity.csv,0,wdl,ec,NAVD,PST,0,0
B9524900,default,temp,\\cnrastore-bdo\BDO_HOME\SCHISM\fielddata\wdl_data_20201108\b9524900_water_temperature.csv,0,wdl,degC,NAVD,PST,0,0
B95250,default,salt,\\cnrastore-bdo\BDO_HOME\SCHISM\fielddata\wdl_data_20201108\b9525000_conductivity.csv,0,wdl,ec,NAVD,PST,0,0
B95250,default,elev,\\cnrastore-bdo\BDO_HOME\SCHISM\fielddata\wdl_data_20160205\B95250_gageheight.csv,0,wdl,ft,NAVD,PST,0,0
B95250,default,temp,\\cnrastore-bdo\BDO_HOME\SCHISM\fielddata\wdl_data_20201108\b9525000_water_temperature.csv,0,wdl,degC,NAVD,PST,0,0
B95260,default,elev,\\cnrastore-bdo\BDO_HOME\SCHISM\fielddata\wdl_data_20160205\B95260_gageheight.csv,0,wdl,ft,NAVD,PST,0,0
B95270,default,elev,\\cnrastore-bdo\BDO_HOME\SCHISM\fielddata\wdl_data_20160205\B95270_gageheight.csv,0,wdl,ft,NAVD,PST,0,0
B95283,default,elev,\\cnrastore-bdo\BDO_HOME\SCHISM\fielddata\wdl_data_20160205\B95283_gageheight.csv,0,wdl,ft,NAVD,PST,0,0
B9528500,default,salt,\\cnrastore-bdo\BDO_HOME\SCHISM\fielddata\wdl_data_20160205\B9528500_conductance.csv,0,wdl,ec,NAVD,PST,0,0
B9528500,default,temp,\\cnrastore-bdo\BDO_HOME\SCHISM\fielddata\wdl_data_20160205\B9528500_temperature.csv,0,wdl,degC,NAVD,PST,0,0
B9529500,default,salt,\\cnrastore-bdo\BDO_HOME\SCHISM\fielddata\wdl_data_20160205\B9529500_conductance.csv,0,wdl,ec,NAVD,PST,0,0
B9529500,default,temp,\\cnrastore-bdo\BDO_HOME\SCHISM\fielddata\wdl_data_20160205\B9529500_temperature.csv,0,wdl,degC,NAVD,PST,0,0
#B95290,default,salt,\\cnrastore-bdo\BDO_HOME\SCHISM\fielddata\cdec_download_EC_2_10_2016\CIS.csv,0,wdl,ec,NAVD,PST,0,0
B95290,default,elev,\\cnrastore-bdo\BDO_HOME\SCHISM\fielddata\cdec_download_stage_6_28_2015\CIS.csv,0,wdl,ft,NAVD,PST,0,0
#B95290,default,temp,\\cnrastore-bdo\BDO_HOME\SCHISM\fielddata\cdec_download_temp_6_28_2015\CIS.csv,0,wdl,degC,NAVD,PST,0,0
B95300,default,elev,\\cnrastore-bdo\BDO_HOME\SCHISM\fielddata\wdl_data_20160205\B95300_gageheight.csv,0,wdl,ft,NAVD,PST,0,0
B95300,default,salt,\\cnrastore-bdo\BDO_HOME\SCHISM\fielddata\wdl_data_20160205\B9530000_conductance.csv,0,wdl,ec,NAVD,PST,0,0
B95300,default,temp,\\cnrastore-bdo\BDO_HOME\SCHISM\fielddata\cdec_download_temp_8_21_2015\GCT.csv,0,cdec,deg F,NAVD,PST,0,0
B95310,default,elev,\\cnrastore-bdo\BDO_HOME\SCHISM\fielddata\wdl_data_20160205\B95310_gageheight.csv,0,wdl,ft,NAVD,PST,0,0
B95320,default,flow,\\cnrastore-bdo\BDO_HOME\SCHISM\fielddata\wdl_data_20160205\B95320_discharge.csv,0,wdl,cfs,NAVD,PST,0,0
B95320,default,temp,\\cnrastore-bdo\BDO_HOME\SCHISM\fielddata\wdl_data_20160205\B95320_temperature.csv,0,wdl,degC,NAVD,PST,0,0
# Awaits more robust  time step detection
#B95320,default,salt,\\cnrastore-bdo\BDO_HOME\SCHISM\fielddata\wdl_data_20160205\B9532000_conductance.csv,0,wdl,cfs,NAVD,PST,0,0
B95320,default,vel,\\cnrastore-bdo\BDO_HOME\SCHISM\fielddata\wdl_data_20160205\B95320_velocity.csv,0,wdl,cfs,NAVD,PST,0,0
B95325,default,elev,\\cnrastore-bdo\BDO_HOME\SCHISM\fielddata\wdl_data_20160205\B95325_gageheight.csv,0,wdl,ft,NAVD,PST,0,0
B95325,default,salt,\\cnrastore-bdo\BDO_HOME\SCHISM\fielddata\wdl_data_20160205\B9532500_conductance.csv,0,wdl,ec,NAVD,PST,0,0
B95325,default,temp,\\cnrastore-bdo\BDO_HOME\SCHISM\fielddata\wdl_data_20160205\B9532500_temperature.csv,0,wdl,degC,NAVD,PST,0,0
B95338,default,temp,\\cnrastore-bdo\BDO_HOME\SCHISM\fielddata\wdl_data_20160205\B95338_temperature.csv,0,wdl,degC,NAVD,PST,0,0
B95338,default,vel,\\cnrastore-bdo\BDO_HOME\SCHISM\fielddata\wdl_data_20160205\B95338_velocity.csv,0,wdl,cfs,NAVD,PST,0,0
WCI,default,flow,\\cnrastore-bdo\BDO_HOME\SCHISM\fielddata\wdl_data_20160205\B95338_discharge.csv,0,wdl,cfs,NAVD,PST,0,0
B95340,default,elev,\\cnrastore-bdo\BDO_HOME\SCHISM\fielddata\wdl_data_20160205\B95340_gageheight.csv,0,wdl,ft,NAVD,PST,0,0
B95341,default,flow,\\cnrastore-bdo\BDO_HOME\SCHISM\fielddata\wdl_data_20160205\B95341_discharge.csv,0,wdl,cfs,NAVD,PST,0,0
B95341,default,temp,\\cnrastore-bdo\BDO_HOME\SCHISM\fielddata\wdl_data_20160205\B95341_temperature.csv,0,wdl,degC,NAVD,PST,0,0
B95341,default,vel,\\cnrastore-bdo\BDO_HOME\SCHISM\fielddata\wdl_data_20160205\B95341_velocity.csv,0,wdl,cfs,NAVD,PST,0,0
B95365,default,elev,\\cnrastore-bdo\BDO_HOME\SCHISM\fielddata\wdl_data_20160205\B95365_gageheight.csv,0,wdl,ft,NAVD,PST,0,0
B95365,default,salt,\\cnrastore-bdo\BDO_HOME\SCHISM\fielddata\wdl_data_20160205\B9536500_conductance.csv,0,wdl,ec,NAVD,PST,0,0
B95365,default,temp,\\cnrastore-bdo\BDO_HOME\SCHISM\fielddata\wdl_data_20160205\B95365_temperature.csv,0,wdl,degC,NAVD,PST,0,0
B95366,default,elev,\\cnrastore-bdo\BDO_HOME\SCHISM\fielddata\wdl_data_20160205\B95366_gageheight.csv,0,wdl,ft,NAVD,PST,0,0
B95366,default,salt,\\cnrastore-bdo\BDO_HOME\SCHISM\fielddata\wdl_data_20160205\B95366_conductance.csv,0,wdl,ec,NAVD,PST,0,0
B95366,default,temp,\\cnrastore-bdo\BDO_HOME\SCHISM\fielddata\wdl_data_20160205\B95366_temperature.csv,0,wdl,degC,NAVD,PST,0,0
B9536600,default,salt,\\cnrastore-bdo\BDO_HOME\SCHISM\fielddata\wdl_data_20160205\B9536600_conductance.csv,0,wdl,ec,NAVD,PST,0,0
B9536600,default,temp,\\cnrastore-bdo\BDO_HOME\SCHISM\fielddata\wdl_data_20160205\B9536600_temperature.csv,0,wdl,degC,NAVD,PST,0,0
B95378,default,salt,\\cnrastore-bdo\BDO_HOME\SCHISM\fielddata\wdl_data_20160205\B9537800_conductance.csv,0,wdl,ec,NAVD,PST,0,0
B95378,default,temp,\\cnrastore-bdo\BDO_HOME\SCHISM\fielddata\wdl_data_20160205\B9537800_temperature.csv,0,wdl,degC,NAVD,PST,0,0
B95380,default,salt,\\cnrastore-bdo\BDO_HOME\SCHISM\fielddata\wdl_data_20201108\b95380_conductivity.csv,0,wdl,ec,NAVD,PST,0,0
B95380,default,flow,\\cnrastore-bdo\BDO_HOME\SCHISM\fielddata\wdl_data_20160205\B95380Q_discharge.csv,0,wdl,cfs,NAVD,PST,0,0
B95380,default,elev,\\cnrastore-bdo\BDO_HOME\SCHISM\fielddata\wdl_data_20160205\B95380_gageheight.csv,0,wdl,ft,NAVD,PST,0,0
B95380,default,temp,\\cnrastore-bdo\BDO_HOME\SCHISM\fielddata\wdl_data_20160205\B95380Q_temperature.csv,0,wdl,degC,NAVD,PST,0,0
B95380,default,vel,\\cnrastore-bdo\BDO_HOME\SCHISM\fielddata\wdl_data_20160205\B95380Q_velocity.csv,0,wdl,ft,NAVD,PST,0,0
B95390,default,salt,\\cnrastore-bdo\BDO_HOME\SCHISM\fielddata\wdl_data_20160205\B9539000_conductance.csv,0,wdl,ec,NAVD,PST,0,0
B95390,default,flow,\\cnrastore-bdo\BDO_HOME\SCHISM\fielddata\wdl_data_20160205\B95390_discharge.csv,0,wdl,cfs,NAVD,PST,0,0
B95390,default,temp,\\cnrastore-bdo\BDO_HOME\SCHISM\fielddata\wdl_data_20160205\B95390_temperature.csv,0,wdl,degC,NAVD,PST,0,0
B95390,default,vel,\\cnrastore-bdo\BDO_HOME\SCHISM\fielddata\wdl_data_20160205\B95390_velocity.csv,0,wdl,ft,NAVD,PST,0,0
B95400,default,flow,\\cnrastore-bdo\BDO_HOME\SCHISM\fielddata\wdl_data_20160205\B95400Q_discharge.csv,0,wdl,cfs,NAVD,PST,0,0
B95400,default,elev,\\cnrastore-bdo\BDO_HOME\SCHISM\fielddata\wdl_data_20160205\B95400_gageheight.csv,0,wdl,ft,NAVD,PST,0,0
B95400,default,temp,\\cnrastore-bdo\BDO_HOME\SCHISM\fielddata\wdl_data_20160205\B95400Q_temperature.csv,0,wdl,degC,NAVD,PST,0,0
B95400,default,vel,\\cnrastore-bdo\BDO_HOME\SCHISM\fielddata\wdl_data_20160205\B95400Q_velocity.csv,0,wdl,ft,NAVD,PST,0,0
B95400,default,salt,\\cnrastore-bdo\BDO_HOME\SCHISM\fielddata\wdl_data_20160205\B9540000_conductance.csv,0,wdl,ec,NAVD,PST,0,0
B95420,default,elev,\\cnrastore-bdo\BDO_HOME\SCHISM\fielddata\wdl_data_20160205\B95420_gageheight.csv,0,wdl,ft,NAVD,PST,0,0
B95421,default,elev,\\cnrastore-bdo\BDO_HOME\SCHISM\fielddata\wdl_data_20160205\B95421_gageheight.csv,0,wdl,ft,,PST,0,0
B95421,default,salt,\\cnrastore-bdo\BDO_HOME\SCHISM\fielddata\wdl_data_20160205\B9542100_conductance.csv,0,wdl,ec,,PST,0,0
B95421,default,temp,\\cnrastore-bdo\BDO_HOME\SCHISM\fielddata\wdl_data_20160205\B9542100_temperature.csv,0,wdl,degC,,PST,0,0
B95422,default,salt,\\cnrastore-bdo\BDO_HOME\SCHISM\fielddata\wdl_data_20201108\b95422_conductivity.csv,0,wdl,ec,NAVD,PST,0,0
B95422,default,temp,\\cnrastore-bdo\BDO_HOME\SCHISM\fielddata\wdl_data_20201108\b95422_temperature.csv,0,wdl,degC,NAVD,PST,0,0
B95425,default,elev,\\cnrastore-bdo\BDO_HOME\SCHISM\fielddata\wdl_data_20160205\B95425_gageheight.csv,0,wdl,ft,NAVD,PST,0,0
B9545800,default,salt,\\cnrastore-bdo\BDO_HOME\SCHISM\fielddata\wdl_data_20160205\B9545800_conductance.csv,0,wdl,ec,NAVD,PST,0,0
B9545800,default,temp,\\cnrastore-bdo\BDO_HOME\SCHISM\fielddata\wdl_data_20160205\B9545800_temperature.csv,0,wdl,degC,NAVD,PST,0,0
B95460,default,elev,\\cnrastore-bdo\BDO_HOME\SCHISM\fielddata\wdl_data_20160205\B95460_gageheight.csv,0,wdl,ft,NAVD,PST,0,0
B95468,default,salt,\\cnrastore-bdo\BDO_HOME\SCHISM\fielddata\wdl_data_20201108\b95468_conductivity.csv,0,wdl,ec,NAVD,PST,0,0
B95468,default,elev,\\cnrastore-bdo\BDO_HOME\SCHISM\fielddata\wdl_data_20160205\B95468_gageheight.csv,0,wdl,ft,NAVD,PST,0,0
B95468,default,temp,\\cnrastore-bdo\BDO_HOME\SCHISM\fielddata\wdl_data_20201108\b95468_water_temperature.csv,0,wdl,degC,NAVD,PST,0,0
B95500,default,elev,\\cnrastore-bdo\BDO_HOME\SCHISM\fielddata\wdl_data_20160205\B95500_gageheight.csv,0,wdl,ft,NAVD,PST,0,0
B95500,default,salt,\\cnrastore-bdo\BDO_HOME\SCHISM\fielddata\wdl_data_20201108\b9550000_conductivity.csv,0,wdl,ec,NAVD,PST,0,0
B95500,default,temp,\\cnrastore-bdo\BDO_HOME\SCHISM\fielddata\wdl_data_20201108\b9550000_water_temperature.csvv,0,wdl,degC,NAVD,PST,0,0
B95502,default,flow,\\cnrastore-bdo\BDO_HOME\SCHISM\fielddata\wdl_data_20160205\B95502_discharge.csv,0,wdl,cfs,NAVD,PST,0,0
B95502,default,temp,\\cnrastore-bdo\BDO_HOME\SCHISM\fielddata\wdl_data_20160205\B95502_temperature.csv,0,wdl,degC,NAVD,PST,0,0
B95502,default,vel,\\cnrastore-bdo\BDO_HOME\SCHISM\fielddata\wdl_data_20160205\B95502_velocity.csv,0,wdl,ft,NAVD,PST,0,0
B95503,default,salt,\\cnrastore-bdo\BDO_HOME\SCHISM\fielddata\wdl_data_20201108\b95503_conductivity.csv,0,wdl,ec,NAVD,PST,0,0
B95503,default,elev,\\cnrastore-bdo\BDO_HOME\SCHISM\fielddata\wdl_data_20160205\B95503_gageheight.csv,0,wdl,ft,NAVD,PST,0,0
B95503,default,temp,\\cnrastore-bdo\BDO_HOME\SCHISM\fielddata\wdl_data_20201108\b95503_water_temperature.csv,0,wdl,degC,NAVD,PST,0,0
B95530,default,elev,\\cnrastore-bdo\BDO_HOME\SCHISM\fielddata\wdl_data_20160205\B95530_gageheight.csv,0,wdl,ft,NAVD,PST,0,0
B95530,default,salt,\\cnrastore-bdo\BDO_HOME\SCHISM\fielddata\wdl_data_20160205\B95530_conductance.csv,0,wdl,ec,NAVD,PST,0,0
B95530,default,temp,\\cnrastore-bdo\BDO_HOME\SCHISM\fielddata\wdl_data_20160205\B95530_temperature.csv,0,wdl,degC,NAVD,PST,0,0
B95540,default,elev,\\cnrastore-bdo\BDO_HOME\SCHISM\fielddata\wdl_data_20160205\B95540_gageheight.csv,0,wdl,ft,NAVD,PST,0,0
MRU,default,flow,\\cnrastore-bdo\BDO_HOME\SCHISM\fielddata\wdl_data_20160205\B95541_discharge.csv,0,wdl,cfs,NAVD,PST,0,0
MRU,default,temp,\\cnrastore-bdo\BDO_HOME\SCHISM\fielddata\wdl_data_20160205\B95541_temperature.csv,0,wdl,degC,NAVD,PST,0,0
MRU,default,vel,\\cnrastore-bdo\BDO_HOME\SCHISM\fielddata\wdl_data_20160205\B95541_velocity.csv,0,wdl,ft,NAVD,PST,0,0
B95580,default,elev,\\cnrastore-bdo\BDO_HOME\SCHISM\fielddata\wdl_data_20160205\B95580_gageheight.csv,0,wdl,ft,NAVD,PST,0,0
B9561600,default,salt,\\cnrastore-bdo\BDO_HOME\SCHISM\fielddata\wdl_data_20201108\b9561600_conductivity.csv,0,wdl,ec,NAVD,PST,0,0
B9561600,default,temp,\\cnrastore-bdo\BDO_HOME\SCHISM\fielddata\wdl_data_20160205\B9561600_temperature.csv,0,wdl,degC,NAVD,PST,0,0
B95620,default,elev,\\cnrastore-bdo\BDO_HOME\SCHISM\fielddata\wdl_data_20160205\B95620_gageheight.csv,0,wdl,ft,NAVD,PST,0,0
B95660,default,flow,\\cnrastore-bdo\BDO_HOME\SCHISM\fielddata\wdl_data_20160205\B95660Q_discharge.csv,0,wdl,cfs,NAVD,PST,0,0
B95660,default,elev,\\cnrastore-bdo\BDO_HOME\SCHISM\fielddata\wdl_data_20160205\B95660_gageheight.csv,0,wdl,ft,NAVD,PST,0,0
B95660,default,temp,\\cnrastore-bdo\BDO_HOME\SCHISM\fielddata\wdl_data_20160205\B95660_temperature.csv,0,wdl,degC,NAVD,PST,0,0
RRI,default,temp,\\cnrastore-bdo\BDO_HOME\SCHISM\fielddata\wdl_data_20160205\B95660Q_temperature.csv,0,wdl,degC,NAVD,PST,0,0
RRI,default,vel,\\cnrastore-bdo\BDO_HOME\SCHISM\fielddata\wdl_data_20160205\B95660Q_velocity.csv,0,wdl,ft,NAVD,PST,0,0
#RRI,default,salt,\\cnrastore-bdo\BDO_HOME\SCHISM\fielddata\cdec_download_EC_2_10_2016\RRI.csv,0,cdec,ec,NAVD,PST,0,0
RRI,lower,salt,\\delta-mod\share\Kijin\FieldData\DES\rri_ec_bot_inst.txt,0,dwr_des,ec,STND,PST,0,1
RRI,upper,salt,\\delta-mod\share\Kijin\FieldData\DES\rri_ec_surf_inst.txt,0,dwr_des,ec,STND,PST,0,0
B95740,default,salt,\\cnrastore-bdo\BDO_HOME\SCHISM\fielddata\wdl_data_20160205\B95740_conductance.csv,0,wdl,ec,NAVD,PST,0,0
B95740,default,flow,\\cnrastore-bdo\BDO_HOME\SCHISM\fielddata\wdl_data_20160205\B95740Q_discharge.csv,0,wdl,cfs,NAVD,PST,0,0
B95740,default,elev,\\cnrastore-bdo\BDO_HOME\SCHISM\fielddata\wdl_data_20160205\B95740_gageheight.csv,0,wdl,ft,NAVD,PST,0,0
B95740,default,temp,\\cnrastore-bdo\BDO_HOME\SCHISM\fielddata\wdl_data_20160205\B95740Q_temperature.csv,0,wdl,degC,NAVD,PST,0,0
B95740,default,vel,\\cnrastore-bdo\BDO_HOME\SCHISM\fielddata\wdl_data_20160205\B95740Q_velocity.csv,0,wdl,ft,NAVD,PST,0,0
B95760,default,flow,\\cnrastore-bdo\BDO_HOME\SCHISM\fielddata\wdl_data_20160205\B95760_discharge.csv,0,wdl,cfs,NAVD,PST,0,0
B95760,default,temp,\\cnrastore-bdo\BDO_HOME\SCHISM\fielddata\wdl_data_20160205\B95760_temperature.csv,0,wdl,degC,NAVD,PST,0,0
B95760,default,vel,\\cnrastore-bdo\BDO_HOME\SCHISM\fielddata\wdl_data_20160205\B95760_velocity.csv,0,wdl,ft,NAVD,PST,0,0
B95765,default,salt,\\cnrastore-bdo\BDO_HOME\SCHISM\fielddata\wdl_data_20160205\B95765_conductance.csv,0,wdl,ec,NAVD,PST,0,0
B95765,default,flow,\\cnrastore-bdo\BDO_HOME\SCHISM\fielddata\wdl_data_20160205\B95765_discharge.csv,0,wdl,cfs,NAVD,PST,0,0
B95765,default,elev,\\cnrastore-bdo\BDO_HOME\SCHISM\fielddata\wdl_data_20160205\B95765_gageheight.csv,0,wdl,ft,NAVD,PST,0,0
B95765,default,temp,\\cnrastore-bdo\BDO_HOME\SCHISM\fielddata\wdl_data_20160205\B95765_temperature.csv,0,wdl,degC,NAVD,PST,0,0
B95765,default,vel,\\cnrastore-bdo\BDO_HOME\SCHISM\fielddata\wdl_data_20160205\B95765_velocity.csv,0,wdl,ft,NAVD,PST,0,0
B95820,default,flow,\\cnrastore-bdo\BDO_HOME\SCHISM\fielddata\wdl_data_20160205\B95820Q_discharge.csv,0,wdl,cfs,NAVD,PST,0,0
B95820,default,elev,\\cnrastore-bdo\BDO_HOME\SCHISM\fielddata\wdl_data_20160205\B95820_gageheight.csv,0,wdl,ft,NAVD,PST,0,0
B95820,default,temp,\\cnrastore-bdo\BDO_HOME\SCHISM\fielddata\wdl_data_20160205\B95820Q_temperature.csv,0,wdl,degC,NAVD,PST,0,0
B95820,default,vel,\\cnrastore-bdo\BDO_HOME\SCHISM\fielddata\wdl_data_20160205\B95820Q_velocity.csv,0,wdl,ft,NAVD,PST,0,0

